User ID,Username
"1994979435","carolitagoro1403",
"52293392775","vai.community",
"261377061","anamariag11",
"246424903","notjuanfe",
"458372571","pauuarroyave",
"285623618","forero17",
"46693889783","negrito.oscuro",
"1556811624","malutoroo",
"8888076081","mpinmat",
"1181533920","j_tamayo023",
"9194901000","escallongregorio",
"3052625239","_laurarodriguez86",
"53809028935","elpuma.puff",
"767111208","sofia_velezg",
"275537440","michellecundy",
"274190354","cristinaangelp",
"27157735","juni_holstein",
"1085290471","marianamolina084",
"325219488","nicogomezos",
"1459479150","santiago.garrido25",
"16357503571","astervargasb",
"7802388496","djpiperman",
"47700834743","antoniagalindo12",
"33722895","daniel_alvarado02",
"50598914242","georgy_bon_",
"53593050834","darman71557",
"1823661154","christianm017",
"963080823","_catalinavargas16",
"2124470521","andresfomenta",
"6189567149","santiagospinad13",
"402123927","lauramariaalvaradoc",
"7969648434","deyalvarezz",
"377092728","marianaisazac",
"1017476881","ttomassrt",
"1665376602","katherin_tafur",
"1354754410","castellanos_th",
"52415114381","ol_in_col",
"539309421","dufetema11",
"1301923104","sebnog24",
"276226948","matteog5",
"49419303275","delautrabajos",
"38961288785","martinanzola2112",
"6115792875","mariadelmar.duque",
"2231246656","laura_rodriguez_o",
"52054515724","socialfest.col",
"4184438631","jordi.cf47",
"293321823","lauraxsevilla",
"1015043537","mjulicastroaco",
"41799647296","isabellacaball",
"1973755287","isabella_saravia_zuluaga_",
"1693445012","antonio.molinah",
"53305999949","natacioncesa",
"53522082463","mist_vapes_",
"358327335","nicolasduran726",
"3040990987","isabelsalazar78",
"48916231236","mariomontenegrog",
"7475564521","goherarboleda01",
"7758387215","smoking.hotbta",
"278773175","ygutierrezvaron",
"735041613","daniellapalaciosc",
"52903659294","vamospormas_cesa",
"258317955","anasofiabraidy",
"11102303228","cataisaortiz.saludable",
"1036337449","santibotec",
"18384267","alvarovives1",
"2306314244","majosangut",
"43316027","geescobar",
"11365790122","juliana.gallo1",
"768234562","joseeluna170",
"1681242671","juanpablona203",
"52661196685","jr02201",
"34398721995","gabriellafonsecaaaa",
"1267849145","mdcosta18",
"1290790273","jpgomez111",
"5959956590","juan.guerrero0",
"429617543","nicolasgarciaal",
"571948366","nanacervantes10",
"1600269929","laura.fierro",
"2140955394","cdanielmedinaguio",
"314914516","marianapaezg",
"251937797","gamorenos",
"7767476563","antonella.sanint",
"491886574","nicolasgom3z",
"559271622","nicolasmejiarr",
"1214752637","tomasjaramillo65",
"8237672774","santiago_velasquez42",
"3018341641","isaalbann_",
"5779226438","david_elingher",
"1675484132","diegogaravito00",
"8290261720","juanfcorrea69",
"2078172035","isabella_bernal0",
"3296074976","jarcend",
"2042022993","jose_david_pardo",
"3964873486","juanfernandoparedesc",
"440207190","_marianavaron",
"281812880","n_maldonado17",
"4177791652","pablo_villamil",
"5803064333","pipezea04",
"52610775809","elf.c.club",
"38099058451","andreshrojas",
"600300570","thomasliant",
"337037909","lailadelgado",
"47416983098","potatoes_und_fish",
"6705776951","alejandrodebrigard",
"1150907728","marianasalazargar15",
"4186260810","blanco3122",
"1821473991","alejandroguarin03",
"5366390068","luzmaryroju",
"1702914733","ailynvmd",
"12099961018","violetaarestrepo",
"738266905","gisellahage",
"52270563340","camila179658",
"1189941531","camylorojas",
"390158862","natacastro22",
"1163081158","juanpavelandias",
"7092403607","s.baezg",
"51197318427","sebastianalmeidad",
"410691281","yolyguerra",
"799583030","juan.vegam",
"1467093212","santiago.s.a",
"51287774174","vapeland____",
"253232702","mariajosemartinezr1",
"1458429674","juan_rodriguez_._",
"174727043","jjarbelaez",
"313520029","danielopezhi",
"313078900","sarahscarmona",
"3751100220","nataliapruiz",
"1586168060","alexis.schvartz",
"262655305","cromero00",
"285331315","salomearangomarin",
"188491990","felo00",
"251492785","luifernandez_",
"253222370","germantatism",
"544340131","simonruiz200",
"8074370967","lorenzagomezj",
"21612876","felipeorjuelac",
"1450667453","mariana_almeidad",
"14551495210","manuela_perez2",
"8552195874","juanferymalu",
"238694334","cfelipe95",
"274532425","silvanaescobar",
"4260192918","modafemeninacol",
"305772444","simonmartc",
"52048713788","tiagolopez0000000000",
"404192752","paulinajaramilloj",
"1378234430","danypimiento",
"6120768895","cami_wlgj",
"201157296","mariapaulinaduque",
"344638106","samuelchorny8a",
"320119263","sophiaaristizabalm",
"12878253187","vaaalizrz",
"36858404000","pablovc2211",
"2288637049","kareemmansourkwan",
"25936635583","simon_riosp",
"314159794","marialejandrave",
"24338785738","santiggil__",
"306090142","valentinaagudelov",
"8926332724","_patro__",
"1429458056","juanexusra",
"3974264084","__herniii",
"52171060068","novagoldstudios",
"45208068344","meri_militar",
"4528722806","camila_venegasb",
"2910027811","alejandrogr06",
"292270379","gabrielavillegasb",
"275928465","juanesmeral",
"8118814392","mariajoserojassl",
"6834777054","_valeriacardenas",
"44730204740","camilaquintero.49",
"1322831682","jucabau",
"364316350","papoiriarte",
"2243772067","charlie_chaves_",
"846754417","jmocampo01",
"31547391580","fernanda1995luisa",
"1577237385","nicolasfzb",
"10374246836","nicolas_farfant",
"993207638","linaqtn19",
"2073641351","eatingwfa",
"51240463573","ivanorivers",
"5872542271","ana_holguinnn",
"2068917166","santiago.ulloa1",
"2293030023","dc_prettyboy",
"5482146052","majofernandez17g",
"1113000856","jacoborojass",
"240697097","morera_mafe",
"535457322","andreabarcha",
"178013682","juan_esguerra",
"1696119285","silvanapardo_",
"1661196356","martin_bejaranoa",
"410414762","jmanzz_",
"463140754","mariarestrepop",
"337312287","esteban_zuloaga",
"193320236","michiadst",
"196469274","sophia.gomezm",
"31560005408","alejandro.luna__",
"212864009","pabloangueyra",
"994996865","tomasdevis",
"47558054107","nicolass.ekisde",
"774186979","dramariadelpilarmoyanop",
"567880570","niconino09",
"293449463","sofiazurek",
"2115730319","marianamartinezz6",
"307290738","pablogalindol",
"233341147","felipezambranonavarro",
"413106665","_santiagolopezg",
"522491257","andresfelipenino",
"649479616","javiermartinezariza",
"975894691","sophia_mejia01",
"309062177","mauropenagos",
"260026860","juancamilosilva1",
"549501650","pablorivasg11",
"3309478158","davidbarloz",
"992936193","felipevargs",
"2871425343","cranesamuel",
"259176028","nicolasrincon",
"362300227","manuelaacunac",
"2254010640","manuramosc",
"48815327703","mantrah69",
"52162768594","cesagomas",
"50718294043","adrianacantillolop",
"319490644","andresbravo.co",
"262706328","juanfernandovf",
"521160586","mariana.smit",
"44049269255","alejandro_ou",
"13336940787","s.hortua.a",
"234711388","maryluzst",
"316297981","jmzota",
"555739436","nicolas.solanop",
"406963989","estebangomezc02",
"295557829","sebastianfdz_",
"811026560","anasurbinaa",
"226486829","andresjf98",
"258384366","nicolasnietoa_",
"183029971","valeriagaitanr",
"375935757","mariantoniarizo7",
"645711295","julianpinzon1",
"376102171","juanapulidoc",
"2098192294","andres_torresy",
"3741199989","santiagogomez.f",
"249243735","isabella_quinterol2",
"1299930727","juanramirezvand",
"383470161","federicojaramillo98",
"1200373875","alejandro_asmar",
"4109278443","simonvaldez7933",
"384882919","daniel.gomezd",
"297725270","samuelcure1",
"1054338640","navasnicolas",
"2346958995","juaneliasjassir",
"260074042","jacoboerazo",
"281003880","valesalah",
"317121967","marialucia__ricaurte",
"216618051","ngr.320",
"296520097","isabelarocas",
"47720923323","lucianosierrat",
"1499230868","migueldiangel",
"1430835710","gabrielmarquezmontoyat",
"28279600","danielbg99",
"1096496628","jmrodriguez24",
"2124616957","fabianvillamill",
"274265743","andresfeliped",
"3991239530","samuhoyos5",
"423272638","laurayara22",
"1407689623","paul.bloomer",
"244027300","sofiaalbanm",
"6772407162","anggienathaliaa",
"535545220","manucastanedas",
"1026243001","juandaolmos23",
"625811395","juan.e.copete",
"9384839423","cristiansarmiento41",
"51693943625","lejaim_sas",
"1346116294","martinwolff2003",
"529698797","mariapaulina.ortega",
"399317551","marianacajigas",
"51720998653","_mazoni_cesa_",
"909496139","maale.juradol",
"578379071","_juans_velasquez",
"657215470","juanis660",
"366300105","macamilaparis",
"1584600247","ferreira_santiago",
"1475496425","aldana.daniel",
"489465585","bustamantica",
"1520232116","luisacastanedaca",
"256901556","adelaidaescallon",
"352345237","danipaez07",
"7670990761","m.escobar95",
"265499973","paulinamejiad",
"615808512","gabrielmonroyc",
"466085669","nicolas_soler5010",
"527253505","lucianaarboledachar",
"1593589751","analuna1324",
"408385137","alejandrorinconf",
"425083448","juancsilvaca",
"2264954754","juanfalava_",
"2221626686","santiago_ortiz2903",
"497408860","santiago_carop",
"5762747659","myriamcita1",
"1684737968","matthias_beckerp",
"2225832520","iisabeladeleon",
"2015572866","isabellasilvae",
"296249459","lorenzo_navarro_",
"403130821","marianaagaviria",
"43814991962","eltomopqsi",
"29413005233","elclosetdecaromunoz1",
"185564054","juanjc1",
"228512128","valeriarivasb",
"1662503790","arceandrade12",
"680985866","saradaniela5",
"281762241","juan.uribe22",
"427886525","juliodiazh_",
"712865355","pablorivera6",
"412068016","gabriel.padillab",
"259616630","marianagarciat2",
"373981990","andresdavid012",
"596538314","juandi_guti",
"1322206729","antonialozanor",
"237457560","camilon11",
"1352503411","valecifuentesp",
"2294660280","juand_osorioq",
"6884341486","maria.rojas123",
"7977876163","lm_karen0.9",
"1307926592","anamartinez.z",
"1697306776","juanquicenoa",
"48890737163","hiigh_bythebeach",
"6570471034","camilajurado5",
"262914202","doquendo01",
"229655479","valeriamendozaq",
"2671481151","sophiahakspiel",
"1410084485","nicolas__cardenas",
"9127560760","eitansmulevich",
"203280531","nicolasortegaoviedo",
"387734145","mariapaula_ossa",
"261111153","jmduperz",
"3511499158","_alejasuarez_",
"317141699","daniella.henao",
"2211860691","juansediazzulloa",
"295297725","catastipa",
"399498784","mateorey20",
"252621966","nsaenz7",
"1517870573","valeria_jimenez_1",
"251920565","gabrielazuluagao",
"2134168096","gabrielocampoa",
"317778738","alejandro.mora.m",
"5702716384","tomasmejiari1",
"6073979238","_nickyyyy_26",
"265031129","sofiagjaar",
"1173756734","a_pachonn",
"8182097816","consuelomolinam",
"177455195","maluvalenciaf",
"1686380619","jovallearteaga",
"178659769","felipemanotas",
"899043127","alejandrotorrese12",
"436340111","sergiogarz_",
"244951120","sofiamartinezre",
"409530925","anthonyrodelo",
"349283157","juanmamarin02",
"445704789","samr038",
"2246996835","cristian.c.4",
"1485027486","maria.paula.lopez",
"55485545","valeriarm81",
"247176477","isamarinaraujo",
"505812863","marilopera12",
"244556830","marianauribe0",
"274919158","veronicapenah_",
"285689369","mapereynar",
"1166530168","juantobon19_",
"826264780","marianablancoosp",
"646694004","valeria_374",
"2368887294","sofiyepesg",
"300418435","santiagosalazarg11",
"1479942709","jorgelosadad",
"253983490","mariamvelez",
"274736994","julianaortizg_",
"575175491","jsalazarc2001",
"1944522658","juancamilomunoz11",
"2131135424","_anacontreras",
"50168147865","solotakisfuego",
"314472518","sofiahurtadoc13",
"1179117522","lauratapias12",
"4780481721","juanitagalindo",
"335413089","sofiapatinot_",
"1159380676","juanse_moralesf",
"2153318692","sarahdlr2003",
"532282761","j_ddavila",
"710228506","rodrigo_pabon23",
"1092976494","jorgeaaddgg",
"424866567","andres_fajardo9",
"5382521229","camilamaflago",
"197628561","silvanagarciaap",
"8485121488","wandrescorrea77",
"457202598","danielsaavedrat",
"1780573559","vale_c_g_",
"569971318","antoniolattanziogalat",
"2116139338","manuella_m.r",
"268210595","mariaacamachou",
"299488116","nicolash7",
"306413079","andreaskrinickas",
"1354269370","mpturriago",
"289088395","nataliarincon07",
"4777723360","santiagocardozo14",
"1646934099","dantotah",
"44657766747","oscardavid15_",
"863645768","valecaves",
"265156667","nataliausechee",
"243527017","manuelmejia7",
"3313272120","__.casallas._",
"38835629","a.lejandravergara",
"7342283836","esteban.araque.716",
"458152016","andreadiazarevalo",
"1002173406","nicolasilvar",
"1131983200","mauriciomorelliney",
"1316280699","andresg.santos",
"5948070347","gabrielavelasqueza",
"367513926","gabrielalersundy",
"1444894240","emiliopuentesf",
"4025039425","ethanschuster1687",
"1920164118","tomgg21",
"1364660394","matias_salazar21",
"243302361","mduqueb",
"271111874","llinasandres",
"1491959951","samuel.borja1",
"3704339367","danielagutierrezcs",
"317764531","nicolasorrego",
"257447312","sofiajaramillo_a",
"3516880584","gdserranol04",
"368409267","joaconavarretev",
"683927488","sofiacarrizosa",
"278533319","taffy___",
"849166843","martinfarah",
"1583945697","ian.ostbye",
"4873518420","mary_chaconospi",
"238115149","ssaimejia",
"1594716140","__anamendez",
"269270729","marianaordonezf",
"576867259","manuelhenao_",
"2228577404","majo.r.a",
"1661231915","isabelladominguezg",
"1568474790","sophirojas11",
"547355336","marianabaptistev",
"1423223591","juandiegomoscoso",
"387646492","valentinarico29",
"890949563","sebastian_borgogno",
"3637968724","marianazaratem",
"1811423222","tomas_becerra_g",
"2272239757","juanjose.ospina2003",
"1119243482","mariapaulagomezv",
"2960185810","sebas_hernandez190516",
"5841544645","lrjd14",
"263784102","tatianagomezm_",
"230001988","juanitapaba",
"683774706","maca_camacho",
"1827724503","labullagu_",
"1819525732","martinfonnegra12",
"238124035","mariamartinezda_",
"1745864002","tomasgiraldoo",
"2013321135","julianabernalch",
"289252071","jessica.gentile",
"713269445","manuela_quicenog",
"699852336","mariapaulagira",
"359185366","valentinaardila14",
"1446318187","josemc2002",
"729400294","asofiavillalba",
"24021854997","lorenzorodp",
"862262561","josetarazona28",
"4214063878","daniel08salazar",
"1579589859","jeronimoceron12",
"3020449476","analucia_oyuela",
"471235480","juanferreira_09",
"13934575207","mariacarolinagarciag_",
"3658132752","tomasgallo_19",
"299360697","juanfelipefrieri",
"392514658","mateo.martinezg",
"247915618","mariacastillosz",
"326600417","mariadelmarve",
"394165952","gluchaud",
"285252986","youssefeljadue",
"2797824503","felipemorenobernal",
"524266551","andres9943",
"7171712914","mauriciodg19",
"390180137","rafael_anillo",
"699002108","juanita_tejedor",
"538687808","n.marquezr",
"290829565","danielfangarita",
"5780826657","explicitgroup",
"346858040","santiagogrisales0",
"1201866667","daniel_acero1",
"361647689","carlos_castillo6",
"5965315394","juancarvajalp18",
"495835648","cfomtz15",
"1725573073","vsirutis",
"1925960155","danielgomez2004",
"316064516","eduardobernal01",
"2017710492","juanitaangelf",
"397236562","mariamofi",
"605388927","valentinaguerrerov1",
"2155032664","lolo.271100",
"457270508","alejandro_arango_concha",
"3439837692","mariana.046",
"11182087625","loreineft",
"1399398246","dlinarespiedrahita",
"8262898822","juandgm_11",
"603133878","sofiacarvajalg",
"1617829780","ismartinezme",
"519627974","isabellachavez23",
"1529634380","daniel_vasquez999",
"3149924046","miguel.sale",
"45360949765","nicolaszapata.98",
"55882751","mcarvajales",
"1931673967","mariana.22002",
"1419386843","n_ayala08",
"642816165","juan.hoyospulido",
"334880232","lucialunamorelli",
"643500193","juanseramirez61",
"366382229","natabh24",
"1366731914","paula.vargas26",
"296624295","mao1398",
"1055044310","angelicatejeiro_",
"1159897142","andreaflorezg",
"3072917908","erazo_sergio",
"350130918","martin.gaviriav",
"2369162218","mariajorinconr_",
"2047260964","juanmartinecheverri",
"195628524","jcuriell10",
"531845580","sebasrizov",
"266143404","verocavi",
"4103234851","santiagosabogal59",
"6876894141","sergio_velezr",
"1281550362","sebastian_bonilla_15",
"6620628642","tomas.rojas.serna",
"44905429672","777llievano",
"261878937","juanpduarte9",
"5358652953","analu.alarcon9",
"18740435209","alejandropena.o",
"717391405","jeronimoescom12",
"3509585134","juan_frincon",
"1163978456","maturriago",
"1352111925","salomon.mejia_",
"505565099","isabelaescobarm",
"1615772922","tomasjchaves",
"4246678598","alexisj_barros",
"333109233","samuelcastanedavelasco",
"2250966685","jbottttttt",
"620444067","mateo.posso",
"1533854667","s_rhenals",
"383611079","afcoralangel",
"611047517","charlieuribe123",
"289278814","mariajosemonroy1",
"186802398","v.diaz11",
"278877489","manuelapedrazaj",
"309302314","cami_palacio17",
"2547824625","mariapauladelgado27",
"8416864822","tomillopillo",
"3602123102","gbrielaov",
"4849547932","danielfranco04",
"1989445269","rodri.perdomo",
"3695632260","mariapaulagomezp_",
"3584146777","camilachawez_",
"360664996","salomongt",
"357571840","va.arcem",
"198218705","cityofdecay",
"387720162","yubyflorez",
"182912047","andreita.2002",
"265435613","marialuchau1",
"1560362288","miguel_lizarazo22",
"5696439992","camila.paredes7",
"1569011436","linaavella07",
"353423516","quienesarteaga",
"561059209","daniel_olarte01",
"1696070652","_camilacabana",
"373387510","mig_ver",
"967568968","juanaescarraga",
"1264424058","sebastian.roa02",
"301948116","markyschuster",
"13944356728","mathzimmmmer",
"979093410","juanfelipe_solano",
"189600416","mjcancelado97",
"1199857786","gustavo9502",
"287090456","jardila454",
"1446776908","pablotovar64",
"203152150","elieferneini",
"233554408","valentinabarrera",
"272935104","mau_rizzio",
"983438677","santiago.tejadag",
"207835201","jdesguerra11",
"6275959502","jmpo20",
"285205640","ram717",
"1153332084","camiortizm",
"1625715047","an.gieosorio",
"1586499221","jorge.varonp",
"423139389","mp_zuluagaa",
"426756775","juanitasuarez22",
"1539960223","juan_duque01",
"552540819","nicolasrojasalvarez",
"2106861032","juanpromero11",
"308300931","tomasbeltran.n",
"264909875","juanpaospina01",
"45421765641","santiagojaramillogp",
"3422529174","karenp9_10",
"10387553395","samuel._.reyes06",
"1457370516","juanfelipemorag",
"1202104204","marianapulido_28",
"275007429","alejandrobumts",
"769781309","pedro_blanco02",
"2874694331","design_40415",
"1692505621","nataliaaseguram",
"288724302","marigarzonc",
"290385908","ruben_junco",
"1399470882","papemacias",
"292332660","paularamires21",
"6970959889","bejarano21bellaa_",
"5963758204","bogotaymasfiestas",
"627168060","m.cadena9",
"387789405","juandiegorobledo",
"968972930","salgasan.0",
"1735497147","agustin.hoyos",
"29291470464","velrb019",
"496287998","_juanes_gomez",
"512417869","valengcastro",
"725435846","henao15",
"333002629","isabella_amado",
"388940485","josejuanmm98",
"1711945624","daniel.russi",
"1713688667","juanfelipesilva.02",
"1452281565","laalaprieto34",
"3264639866","mariana__gomezk",
"440566124","federico.villamild",
"499083885","nicolasjaramilloa",
"2189549975","sarahmm07",
"1090930071","isavanheuven",
"6156605871","jromeroba",
"364959964","emmanuelai",
"6217114996","qj.001",
"1597747404","juanachury21",
"1225883656","emiliaasantamaria",
"452852018","julianacatanoal",
"618219611","tomastangarife",
"314312350","felipecast27",
"1573891081","val.andrade03",
"145018589","jacobonaranjog",
"556040265","marianagarciad_",
"2459057186","danielalvaradodaal",
"387670984","daniel_ramirezf",
"234216595","julianbarraganescobar",
"281002184","med_rafiko26",
"12724954521","juanitadellanoc",
"1240326558","juannavarro510",
"1936251655","juansebastiansanchez_",
"514995008","ajvelezc",
"2271674729","alejopalas",
"1374020402","patarroyo_jc",
"14486462980","lalindeguti",
"329359601","nicolasalban",
"1473266842","sergio_arbelaez01",
"4339676721","juana.mendoza83",
"2085274744","pipezl3",
"145912557","antoniavave",
"305800339","manuelarojas_s",
"277645585","carlosduque24",
"356869061","carriplones",
"297075488","davomq",
"369127352","emilysaa.o",
"11307164718","santiaguin199101",
"1055934187","juanjo_prada02",
"467292951","tomasrestrepoec",
"212358795","mareyesmo",
"3277200914","monicabonilla_c",
"295115512","lfgaviria0206",
"1405807927","santiagolievano087",
"224502660","jdmindiola",
"225238652","mateopava",
"289286330","paopadillaz",
"506893709","juanchoarboleda26",
"292752296","santiagocanal",
"4077992422","andresbeja00",
"979804343","sebastian_martine",
"609296564","marianagalindoc",
"403541812","bibilopezs",
"414842686","juandiegoafanadord",
"48595413859","anac200_",
"4862576077","__3liana__",
"522712859","juangamap",
"372523933","sergiomoralesbustillo",
"658056119","hlondono1",
"505820017","mariaamontes__",
"1215894063","daniel27_2003",
"550948030","carolina_valderramaa",
"299330523","simonserranor",
"315527451","danielcadavidh",
"730280111","arturo_acuna2003",
"643689240","karolayvasquezperez_",
"427693359","_alejandracifuentes",
"1073081715","juancamilozota",
"268192632","daniel_fernandezc",
"354240942","tomasrh0000",
"348536618","martinaldas",
"1238626521","mgabrieladuque",
"292969742","alejandrasalazarg11",
"352686463","mariapaulamendezf",
"1336411594","rossanagonzaleza",
"10937317227","mariaamr_23",
"486307091","santiagogibarnegaray",
"841946334","veronicaramirezg_",
"1536954118","juanjo11011",
"280027891","gespinosap",
"1703068679","luisfecoronado",
"7094682337","torrestamayoalejandro",
"7334513321","diazsergiomacias",
"1150708536","dan.gomez0130",
"332156233","juanpablotoro8",
"494934404","emiliocundyc",
"1308945470","camilarestrepocano",
"3591694069","juan_diego_gonzalez_02",
"295222809","juan.matiz99",
"605731307","mariaap_blanco",
"329459962","danielm_rayo",
"1957332059","lucasanchundia",
"435182689","juanesmartinn",
"477576647","katocastella10",
"264614981","julianaorregocandela",
"269268738","javimaciasbl",
"218845738","juansmelena",
"47441370119","alemont2002",
"23899968","juanmora.s",
"182667008","jjquijanop",
"804746171","sofacru",
"7532224248","juangonz_11",
"468401479","diegocapera",
"282224807","nicolasrestrepom",
"2264070466","davidfernandezp_",
"4473066511","simon_437bel",
"372514749","aliciamss",
"1628995331","jtebi_",
"532156607","francis1580",
"423323568","kc_a13",
"646457316","chantal_thorin",
"2028990053","danielplazasb",
"31777898158","sofiaramirezz.salas",
"7036448808","tomasrestrepo20",
"1471944658","mariarojasi",
"376083180","valentinamahecham",
"778765779","angelicacalderon01",
"598244479","visazalopez",
"475290880","s_bustosc",
"292800474","camilotehelen",
"890987423","gabrielasierra14",
"392217307","_pipefernandez_",
"378611860","santiagoc0207",
"596477190","male_contreras2",
"361713468","juanconcha99",
"505909649","nellavonroestel",
"341536684","simon.higuera",
"229651054","nicolas.gomezr",
"1471789067","camilavera26",
"3945441771","grisalesdiego0",
"1346577671","macaposada",
"333092364","tomascastanob",
"6480767258","felipecortesver",
"4077175113","alfredo_castellanos15",
"4170431421","hugobautistac",
"307703871","ssantiagoaguilar",
"1197302337","santiagoramirez__",
"322740974","gabriela.solerm",
"825062337","pbertierip",
"314149077","pipediazm",
"421773375","samuelespanaa",
"348953940","valentinatorres7",
"721472380","ma.limas11",
"1191234095","valeruizduran",
"429694835","juanpablofernandezrod",
"285305346","antonioordonezr",
"428177065","davidestebanh",
"17421656438","majose_sanchez_lince",
"1403296248","santiagogranados.music",
"335343585","isabellajimenez.l",
"35872457153","paulapinzonr",
"405718819","alejandroclavijop_",
"316474996","susanacoronell",
"1808727643","maquis.serrano",
"38970212162","alexquirogac16",
"7875411306","santiagocardona01",
"1647716106","mcepeda02",
"48868149718","danielg_1504",
"351837410","s.buitragom",
"1595826259","lauracubidesd",
"2011534196","andres.combariza",
"1055143017","alejandro_campo32",
"1050223102","felipe_vallejo_",
"297146100","pabloaranguren010",
"251457156","vgp_08",
"749373581","jcharry10",
"273704624","mateolaverde11",
"2015217776","carlos_kuan_",
"1717699548","gabriel.arciniegasb",
"288339818","federeyesa",
"1572804380","juanfelipe.rm",
"4351727517","pipe.carrasco.b",
"287713054","juanca.rincon13",
"1103517182","earrublas",
"495132643","juandigcs",
"344171535","pablogonzalezzuleta",
"490909865","santiago.alvarezl",
"1267790107","murcia03",
"905135790","manuelahenao0",
"290272536","nicolas0699",
"3588650949","catalinasanchezbeltran",
"237548536","analinaresh",
"1150631853","catalinapachecog",
"8438200593","ignacio.salazar40",
"3099680982","londono.pablo",
"6066739432","mp.glausser_",
"656041023","sarabernalgi",
"266647612","juandavidalmansa",
"3322176774","antonio.__.rodriguez",
"341273669","nessimesquenazi",
"330014891","maro064",
"1967874887","tomi33h",
"189457423","malebaquero",
"1961845030","pablo.ruiz03",
"1504298687","alejandro.morenoc",
"806672195","laura.arciniegasb",
"514423049","danielgarciams",
"1481269821","melissagonzalez30",
"510900520","jose_aaguilar",
"320512323","sfalvez_",
"401676992","juandicalixto",
"599944112","mariacami15",
"612216357","andres.farre",
"351835771","pablobuitragom",
"545274320","santiagobetancur08",
"1578555627","alejandrojescobarg",
"977835852","mariobarrios22",
"16983905","layla.yidi",
"4533077993","tomascheyne",
"330592328","danielagalloparra",
"596470469","tonito42",
"562643527","jcalderonarango",
"533629032","camipulidoc",
"327986292","jcuellarm",
"350833460","mariana_arenas40",
"220079526","lauradaniela31",
"21071313","valentina_dvch",
"1541047388","tomaspr_03",
"1206232098","santiago.silva.u",
"192366751","manuelamercadobrun",
"490874204","amoonguti",
"1283942130","cduplatv",
"1482657225","juanpt1201",
"308738175","luigi_maresca10",
"1625496440","itsalejandroortega",
"429237811","nataliasantacruzr",
"372369781","camilagalvanv",
"8442699112","mariassalazar286",
"297760833","manurt00",
"600141962","simonescobar99",
"8312960329","santimaldonado.n",
"237652758","andresmb123",
"1481701443","laurasjaque",
"6619633395","estebanabondano_",
"270680239","pablomejia2810",
"297009820","aforeros09",
"288742597","aaldana7",
"1474349012","nico.ferreira.16",
"413897342","antonia_bernal99",
"9758648070","421d_castellanos",
"329862624","valentinavelascott",
"2940291103","polarteg",
"365158427","lafo98",
"733586635","jguillermoquinteroc",
"1167746606","marianamottac",
"17683696","paula.brv",
"1649650983","andres.guerra9",
"417537470","valebello.v",
"395165348","juanitazuluagalizarazo",
"265696247","ignaciofernandezp",
"387537631","felipe1008",
"532185747","ale_caviedes22",
"318956231","marianamoralesg_",
"350601236","felipe_arias13",
"485277129","sofia_zaraten",
"811015610","gabyvargasbarrera",
"278557772","santigomezs97",
"329005353","juanitarangot",
"1229710763","camilareyesch",
"375155948","marianavargasss",
"559274895","nicohermida88",
"271028874","lauraforeroa",
"1665355449","boterom_",
"21454865","annacarinim",
"313562900","danielpinerosm",
"29357593054","sofiavillegas04",
"507041800","alejoposadaditer",
"243842569","valentinacastro99",
"4067564589","david.restrepog",
"637977606","migueljaramillopelaez",
"5399597667","santivvc2020",
"3298899018","edugarces20",
"304208949","pablo_matiz",
"1164024494","mabecerra99",
"1557952553","s.romero.v",
"4001225434","estefania.ochoa18",
"248450058","laurahernandezarias",
"228075253","marianellagomezhughes",
"319976691","miguelsamperes",
"268925652","mpleon22",
"212187765","mavarafra",
"863377403","pablocorredor06",
"4377930401","andresfm_30",
"285828217","juancamilo.escobarv",
"3474852789","samuelpena.hc",
"288529630","catalinavalencia6",
"4032893535","antoniorochal_",
"5358603770","mariacamilagamboa",
"1454553111","chrisstiefkenu",
"1140811258","camiloroman99",
"297650400","juan_andresgomez",
"1710320072","nicolasmarquez_v",
"258460979","juanfezc",
"10115584496","pablobernal6",
"258875188","santiagoposa",
"390041476","simonmaldonado",
"360876867","sebaseraso7",
"286626253","danicarrillo00",
"7884874573","juanpablorubiosoto",
"28895244","juandiegopulidop",
"521330073","juanfevalencia17",
"609053326","felipe_negret",
"289832724","antonio_loza_rodriguez",
"4025691654","samuelescobar89",
"1458108887","ana_escobara96",
"598698821","saraescobar97",
"276345764","juancamiloposada",
"199126439","vale.h0l",
"593956878","santiagochinchilla11",
"211807564","gabrielamateus23",
"269639181","simonsancheze",
"2235235962","m_andraus106",
"1716872488","cata_umalam",
"1922424362","martingomez2000",
"1731392055","sebas_rodriguez88",
"234688103","saraalonso.c",
"529888125","alebt31",
"2133926202","danielestevez1",
"325943259","alejandro2824",
"301975760","marianabayon01",
"245006272","juangarenass",
"424945815","marianaa.garavito",
"260134573","mariajosemunozt",
"610955883","mariajoseduque14",
"287076134","juanfbarretor",
"253148567","klugdaniel",
"766604443","joaquin_cabrera99",
"1257169019","davidmontes204",
"318432019","isabellamv",
"2000493858","jponguta",
"2093885246","pedro_pavajeau",
"266463752","juanitapaezg",
"2292825834","juansivillamil",
"269980672","catalina_quinones",
"1122537780","santiagodelaespriellao",
"3083347917","malaleortiz",
"478180237","nicolas.francog",
